工况,实际预紧力_kN,P1_锚杆屈服上限_kN,P2_锚固上限_kN,P3_压陷上限_kN,主控约束,主控失效模式,最小安全系数,最小裕度_kN,最大允许力矩_Nm,是否安全,扰动幅度,扰动幅度百分比,样本编号,固定Topt_Nm,扰动_yield_load,扰动_hole_diameter,扰动_bond_length,扰动_elastic_modulus,扰动_poisson_ratio,扰动_tray_side,扰动_max_indent_depth,扰动_influence_depth,扰动_torque_conversion
工况 A：岩层锚杆,150.56618056847879,153.136709151795,356.01456445095977,333.2072405414365,P1,锚杆屈服,1.0170724167512977,2.570528583316218,590.91093755317,True,0.1,10.0,2186,580.9920000000001,-0.09919582851885295,0.0866113724047621,0.03072427025612179,-0.0621249151217252,0.07524332759386257,-0.02792141365324534,0.01757209851184334,0.09396430757598359,-0.09674271150056797
工况 A：岩层锚杆,150.35203183199863,153.4654290561344,415.9646605220728,458.4756485273089,P1,锚杆屈服,1.0207073837726028,3.113397224135781,593.0228243128121,True,0.1,10.0,4815,580.9920000000001,-0.09726218202273876,0.09942318872143291,0.06912455813630747,0.07434970031907012,0.04590089723791674,0.0030485147401662083,0.007385231024197483,-0.04400345127790169,-0.09545618810150441
工况 A：岩层锚杆,150.2985375224411,153.5505383058512,342.8899483174023,284.70525374755914,P1,锚杆屈服,1.0216369422950942,3.2520007834100966,593.5628903779113,True,0.1,10.0,2180,580.9920000000001,-0.09676153937734577,-0.015493270657613717,0.0206234005830761,0.02646094425444201,-0.0077916889948898005,-0.09733761342090196,-0.0670770274335101,0.09510112250443309,-0.09513424254248776
工况 A：岩层锚杆,150.98891911724112,154.3834588823422,364.74675864226515,451.5511143226696,P1,锚杆屈服,1.0224820456027324,3.3945397651010865,594.0538886388227,True,0.1,10.0,4162,580.9920000000001,-0.09186200657445752,0.017335699808185723,0.09754002672898474,-0.028789278481012426,-0.05435759338890689,0.057860154125398605,0.06680238342526987,0.01989556351828485,-0.09927164989903924
工况 A：岩层锚杆,150.46403170931634,154.08190172393512,332.2773292602886,359.84620325476715,P1,锚杆屈服,1.0240447499214176,3.6178700146187737,594.9618073463444,True,0.1,10.0,1333,580.9920000000001,-0.09363587221214627,-0.035522254363839295,0.01743005656974654,0.01647550257371018,-0.09982963504692222,-0.06493744503187465,0.07433879905342669,0.048105086320132245,-0.09612949716288076
工况 A：岩层锚杆,150.6703239990943,154.44101277812453,375.5861025827742,404.8919530078818,P1,锚杆屈服,1.0250260879445172,3.7706887790302233,595.5319568870609,True,0.1,10.0,2227,580.9920000000001,-0.09152345424632635,0.01672165778560801,0.09688347870924935,0.009530527346798351,0.03590260015362595,0.04008376126466637,-0.04854381627154776,0.03154266094946845,-0.09736704355386194
工况 A：岩层锚杆,149.72932684295128,153.4882903669274,387.0278981183686,388.456109439843,P1,锚杆屈服,1.025105058596295,3.7589635239761208,595.5778382039788,True,0.1,10.0,290,580.9920000000001,-0.0971277037239564,0.0792471218886805,-0.0010903666598439249,0.09373141872275495,-0.005004377540396024,-0.0705268645361657,0.09046715213631396,0.06029333854097732,-0.09169430686983418
工况 A：岩层锚杆,149.14672104816907,153.30043728473257,321.92838818510387,492.5960405136213,P1,锚杆屈服,1.0278498662751157,4.153716236563497,597.1725495069122,True,0.1,10.0,2948,580.9920000000001,-0.09823272185451436,0.09384266411007744,-0.05119444734151464,-0.09123323091856668,-0.038530781556331745,0.08942186914968797,0.07848231691617233,-0.06018139806055611,-0.08814622913448511
工况 A：岩层锚杆,150.30020572017008,154.5613107293882,286.17770902002127,299.04503094280324,P1,锚杆屈服,1.0283506265929634,4.261105009218113,597.463487245499,True,0.1,10.0,3186,580.9920000000001,-0.09081581923889302,-0.0762378511169991,-0.058634400901118,-0.01960434660584509,0.028261127519259188,-0.09125794110761708,0.006012558412403973,0.0936345659821691,-0.0951442857423249
工况 A：岩层锚杆,150.17828312651724,154.43991007901144,323.43669878100866,435.7368450234322,P1,锚杆屈服,1.0283771186071158,4.261626952494197,597.4788788937856,True,0.1,10.0,3848,580.9920000000001,-0.09152994071169746,0.06409250023673244,-0.07680380106283682,-0.01903397250584052,0.040953140840887914,0.04115995330894026,0.05309120755288785,0.03375429600805932,-0.09440967649478833
工况 A：岩层锚杆,150.44969667915112,154.77536128942197,291.58702296604105,338.3073700327046,P1,锚杆屈服,1.0287515675056211,4.325664610270849,597.696430708226,True,0.1,10.0,4514,580.9920000000001,-0.08955669829751785,-0.05360693052520038,-0.06674640704189166,-0.01563641618911478,0.02812699051171555,-0.0691615407750317,-0.039236961817189345,-0.02742350646417069,-0.09604337528155016
工况 A：岩层锚杆,149.20346796191845,153.67955568535578,295.0000552272157,453.0196913806584,P1,锚杆屈服,1.0299998906498593,4.476087723437331,598.4216964684431,True,0.1,10.0,4259,580.9920000000001,-0.09600261361555414,-0.07926174771103563,-0.06797757233155216,0.035991267600597204,-0.08320964759134186,0.059974971295228774,-0.055857265335992695,-0.03986037162046925,-0.08849303667183117
工况 A：岩层锚杆,150.62786441468305,155.1778081567955,378.33379342147686,489.06027926177666,P1,锚杆屈服,1.03020652095011,4.549943742112447,598.5417470198464,True,0.1,10.0,4273,580.9920000000001,-0.08718936378355586,0.05418467410839914,0.02255645379582752,0.06330375987192058,0.004630637980318125,0.05852016266952556,0.04958737002880789,0.02338880209322805,-0.09711260576869155
工况 A：岩层锚杆,150.80465733176086,155.40643427643715,327.6642871048187,324.22971638875936,P1,锚杆屈服,1.0305148198079366,4.601776944676288,598.7208661898527,True,0.1,10.0,2323,580.9920000000001,-0.08584450425625212,0.05437223532903718,-0.02131489356043273,-0.06339688560303433,-0.017400572562497052,0.0069974831507006174,-0.07561753546603306,0.08062138529410887,-0.09817108830526061
工况 A：岩层锚杆,148.91185686245768,153.53985201370455,307.62464471880065,400.71662671522154,P1,锚杆屈服,1.031078755236539,4.627995151246864,599.0485081623874,True,0.1,10.0,2123,580.9920000000001,-0.09682439991938492,-0.027332045030506597,-0.03547885462493064,-0.024111712923658213,0.04057879248065871,0.0406775268577822,-0.026759708030339807,0.03247426709853249,-0.08670805088666429
工况 A：岩层锚杆,150.96486554522195,155.73946027855746,374.1663089159482,396.4601577393718,P1,锚杆屈服,1.0316271916388735,4.774594733335505,599.3671453246524,True,0.1,10.0,1926,580.9920000000001,-0.08388552777319147,0.05200972879851892,0.08061052591757809,-0.019436601303388756,-0.025250715698986334,0.031192027025748775,0.03001435966586019,0.07998365094735008,-0.09912813482246426
工况 A：岩层锚杆,148.68026713003238,153.57142953805754,279.8069222779187,500.082108399055,P1,锚杆屈服,1.0328971860384637,4.891162408025167,600.1050019108593,True,0.1,10.0,521,580.9920000000001,-0.096638649776132,-0.08926779883617404,-0.08792133807883849,0.009790681693737396,-0.032998379193453165,0.09241648687184587,0.07199754383430712,0.028833494029297163,-0.08528547449368307
工况 A：岩层锚杆,148.61323497909015,153.57840457610766,316.48753873532166,447.31460605291124,P1,锚杆屈服,1.0334100095305516,4.965169597017507,600.4029482571743,True,0.1,10.0,2049,580.9920000000001,-0.09659762014054321,0.09673513476176665,-0.09247441610820378,-0.06172278023398639,0.09141343195911683,0.005257266015255363,0.09961095607310044,-0.05562934116183271,-0.08487289157567171
工况 A：岩层锚杆,148.92306666857056,153.96039482829087,341.6321074044272,349.4808263650032,P1,锚杆屈服,1.033825036459469,5.0373281597203174,600.6440755826599,True,0.1,10.0,42,580.9920000000001,-0.09435061865711261,0.03922502537783365,0.06343172954857632,-0.0952529349467181,0.06968448274833985,-0.020036938733504622,0.04901062607082038,0.05331692348209269,-0.0867767966216472
工况 A：岩层锚杆,150.0663863144114,155.30484729790783,282.6185238677961,399.9262806180644,P1,锚杆屈服,1.0349076239666428,5.238460983496424,601.2730502636279,True,0.1,10.0,1522,580.9920000000001,-0.08644207471818935,-0.0885720387038935,-0.027369282999925804,-0.058571530280888,0.060166574264454126,0.046225190748682005,0.05331963984853691,0.09466598723773248,-0.0937344242096976
工况 A：岩层锚杆,148.98555230899973,154.2491966264625,278.3071535620147,342.0439352686,P1,锚杆屈服,1.0353298976705194,5.263644317462763,601.5183879073904,True,0.1,10.0,3091,580.9920000000001,-0.0926517845502206,-0.06914638812365387,-0.04032476003873023,-0.0861026753335491,0.05700433061718718,-0.07973588407921517,0.07056348345506488,-0.023389892693256947,-0.08715980917443167
工况 A：岩层锚杆,148.5762446469524,153.8526604199164,309.07969494876596,442.2744058536687,P1,锚杆屈服,1.035513185741784,5.276415772963986,601.6248768104907,True,0.1,10.0,2157,580.9920000000001,-0.09498435047107999,-0.09904239516933913,0.07907293870517748,-0.06194655808187508,-0.019454726523621207,0.008044456373672418,0.06441416974753392,-0.08472494103273179,-0.08464505666323802
工况 A：岩层锚杆,149.30077889609538,154.66441569894693,325.09513143004534,406.39528464833677,P1,锚杆屈服,1.035925042337417,5.363636802851545,601.8641621977007,True,0.1,10.0,4540,580.9920000000001,-0.09020931941795927,0.011796681326851674,-0.013947157876158675,-0.03189155535481532,-0.04511164749804837,0.0643273808549478,-0.053728950027844016,0.015442949473885872,-0.08908713668099429
工况 A：岩层锚杆,150.73361819721356,156.17126333382149,365.5417933163352,440.06420874243094,P1,锚杆屈服,1.0360745346767537,5.437645136607927,601.9510160509166,True,0.1,10.0,4936,580.9920000000001,-0.08134550980105015,-0.018935701951808853,0.03588516846788034,0.09634255077487294,0.03725723407431522,0.08045339775593449,-0.06617346789467746,0.09187188933958845,-0.09774606602978697
工况 A：岩层锚杆,150.84151109325677,156.29563318002937,294.2761578504795,382.9244394304512,P1,锚杆屈服,1.0361579650538015,5.4541220867726,601.9994884325383,True,0.1,10.0,1070,580.9920000000001,-0.08061392247041542,-0.022038208871811696,-0.09451941883289983,-0.007379173272125561,0.07075972288002005,-0.011231509172879559,-0.0003641269758675181,0.023350929869357023,-0.098391424122509
工况 A：岩层锚杆,150.9065786831362,156.36455925677168,345.23491938504657,467.71461308993736,P1,锚杆屈服,1.0361679432484903,5.457980573635496,602.0052856838269,True,0.1,10.0,3681,580.9920000000001,-0.08020847496016659,-0.07757867406619029,0.048333125330667026,0.08620597379666609,0.07991494794930568,0.02869158641093361,-0.0751153725341206,-0.08063388538132162,-0.09878017786378981
工况 A：岩层锚杆,148.74378964813852,154.16048457848618,345.3426491554888,344.3130023343948,P1,锚杆屈服,1.0364162762234386,5.41669493034766,602.1495651556081,True,0.1,10.0,4799,580.9920000000001,-0.09317362012655178,0.01661470277629762,0.028596923460737445,-0.015199528691696232,-0.03791607931852164,-0.054109474066469404,0.079286139440776,0.09932106067481666,-0.08567611245003673
工况 A：岩层锚杆,148.44047792645372,153.97917315246227,276.1677034345542,475.9192349713989,P1,锚杆屈服,1.0373125666487866,5.538695226008542,602.6703027224119,True,0.1,10.0,3176,580.9920000000001,-0.09424015792669249,-0.09234554436133365,-0.07259970982769733,-0.02342385084589435,-0.013805626994208245,0.0613502682886585,0.03230830202319651,-0.04727721818155511,-0.08380785416641867
工况 A：岩层锚杆,150.21533938934948,155.9000264612236,362.53308558659415,511.4571138786417,P1,锚杆屈服,1.0378435857149033,5.684687071874123,602.9788205516732,True,0.1,10.0,4388,580.9920000000001,-0.08294102081633177,-0.016674421842031203,0.07668959625872854,0.030902854927894435,0.03129663178098957,0.0491744971166819,0.06596537675271022,-0.04993878152955205,-0.09463307440596413
工况 A：岩层锚杆,148.67722134999545,154.30954049312837,298.5384948205958,309.95672042438497,P1,锚杆屈服,1.0378828652566359,5.632319143132918,603.0016416511836,True,0.1,10.0,3971,580.9920000000001,-0.09229682062865661,-0.06330790661928257,-0.06131087795617225,0.019959977117491715,0.02444792105164148,-0.07569455536983194,-0.06410777552711769,0.055927937690676804,-0.08526673578430993
工况 A：岩层锚杆,149.21028161341718,154.9112518133154,300.82073689061895,311.4831983966298,P1,锚杆屈服,1.0382076230823598,5.700970199898222,603.1903233498665,True,0.1,10.0,3296,580.9920000000001,-0.08875734227461535,-0.03451291686724499,-0.0002904812782431876,-0.08564377154969885,0.020384370879363886,-0.07590147828811732,0.007886553456798964,0.013404998613769092,-0.088534660417324
工况 A：岩层锚杆,149.78290780905468,155.55420824674596,315.8224922130938,332.3249855184295,P1,锚杆屈服,1.0385311015930376,5.771300437691281,603.3782617767422,True,0.1,10.0,3669,580.9920000000001,-0.08497524560737671,-0.05415342668972274,-0.00033410072666370527,-0.0009446774195729785,-0.04378058373712357,0.005329860807934031,-0.09357433899508064,0.09537615695718482,-0.09201922976836119
工况 A：岩层锚杆,151.0566950541471,156.9332643765493,327.9872847002866,356.44894571048536,P1,锚杆屈服,1.0389030709317166,5.87656932240219,603.59437298676,True,0.1,10.0,21,580.9920000000001,-0.07686315072618062,0.020723059309885078,-0.024804826456204188,-0.018052151200464397,-0.05284636878629978,-0.05615559055545305,-0.019076115172180844,-0.043647236675298934,-0.0996757876157024
工况 A：岩层锚杆,149.39641986012958,155.22188506755973,378.1368435776421,508.863435983429,P1,锚杆屈服,1.0389933387485735,5.825465207430142,603.6468178662112,True,0.1,10.0,1106,580.9920000000001,-0.08693008783788399,0.044062848609633554,0.09801282660080676,-0.016736412377287263,-0.0018516465085484934,0.07729120195483338,0.07680180008215873,-0.0343414457973326,-0.08967028709705233
工况 A：岩层锚杆,149.018922188919,154.8634820626994,338.02063531448607,459.82431898103874,P1,锚杆屈服,1.0392202532935446,5.844559873780412,603.7786534015231,True,0.1,10.0,951,580.9920000000001,-0.08903834080765057,-0.06567122502370662,0.0636615852284241,0.022208499841916224,-0.07511981377022728,0.04868121976255388,0.08245581175107078,0.0484271253111756,-0.08736422192353682
工况 A：岩层锚杆,150.55749608715246,156.54068302699153,306.4455285834578,410.8723703195412,P1,锚杆屈服,1.0397402128445044,5.983186939839072,604.0807457409543,True,0.1,10.0,295,580.9920000000001,-0.07917245278240265,-0.061619576178440584,0.0038899108071696886,-0.033961825886243066,-0.009156222985129608,0.04494713885621826,0.011320000319858511,0.037282685962214124,-0.09669060967064452
工况 A：岩层锚杆,149.92147156467195,155.97610561999056,356.61696976829234,456.93027425777217,P1,锚杆屈服,1.0403853697014094,6.0546340553186155,604.4555767135613,True,0.1,10.0,1753,580.9920000000001,-0.0824934963529967,-0.03636955435887519,0.0945956195894278,0.014508841722689514,-0.0021195144306510594,0.05798202767284491,0.04493564227610597,0.03845918658176928,-0.09285842394274119
工况 A：岩层锚杆,148.2041733635821,154.25411927997988,340.8308932482376,447.167388925668,P1,锚杆屈服,1.0408216973860496,6.049945916397775,604.7090796077157,True,0.1,10.0,1905,580.9920000000001,-0.09262282776482432,0.05915169045362528,-0.05615313115964265,0.025296376858463143,0.0338718756154828,0.02564978700130688,0.009424993797899586,-0.021612879060801185,-0.08234702901140428
工况 A：岩层锚杆,147.27031954292727,153.33223788424695,355.0111409630998,498.0065491909939,P1,锚杆屈服,1.0411618468686266,6.061918341319682,604.9067037358972,True,0.1,10.0,1808,580.9920000000001,-0.09804565950442977,0.03556064609259385,-0.04671212987916873,0.09607400789902412,-0.07008330076709518,0.08113174322497987,-0.04260345053488579,-0.023627743205209814,-0.07652811223541978
工况 A：岩层锚杆,150.63867948180138,156.84921309744726,304.10427657560564,439.27418826299214,P1,锚杆屈服,1.041228014192704,6.210533615645886,604.9451464218475,True,0.1,10.0,218,580.9920000000001,-0.07735757001501611,-0.04425707697366437,0.0311637485190788,-0.0973701892047852,0.0885953441558058,0.08220064458841017,-0.05279523890543907,-0.07682465223975415,-0.09717742834814125
工况 A：岩层锚杆,150.66536407127805,157.04558207091446,335.4471506826743,401.8271860967842,P1,锚杆屈服,1.0423469457560133,6.380217999636415,605.5952367086777,True,0.1,10.0,3342,580.9920000000001,-0.07620245840638551,-0.0709695093784199,0.0152406967551066,0.08104181744468283,0.08609442553341179,0.03296753434256583,-0.08658519579915509,0.061538929174635354,-0.09733732873296633
工况 A：岩层锚杆,150.95773460505703,157.37513028171313,347.21665377509254,450.0283577674248,P1,锚杆屈服,1.0425112081434291,6.417395676656099,605.6906718416672,True,0.1,10.0,4641,580.9920000000001,-0.07426393951933466,-0.0443796584254091,0.017946493699468394,0.0859073869931326,-0.05371152487583941,0.01860438325133093,-0.031888356888843686,-0.03720631753986006,-0.09908557944506904
工况 A：岩层锚杆,149.24810696080485,155.64682572955624,368.9463608442828,466.4295552801091,P1,锚杆屈服,1.0428730313506207,6.398718768751394,605.9008882304599,True,0.1,10.0,4658,580.9920000000001,-0.08443043688496331,-0.06418765164502135,0.09471592129784703,0.09805430767694046,-0.07494499991680492,0.02625555214561978,-0.0602837948555173,-0.07690090028586523,-0.08876566162600669
工况 A：岩层锚杆,148.09083066878324,154.49575321381178,369.18067042865977,555.0680030204686,P1,锚杆屈服,1.0432499602852094,6.4049225450285405,606.1198809260244,True,0.1,10.0,3972,580.9920000000001,-0.09120145168346012,0.054405680398900036,-0.017022203194630964,0.08309891676037004,-0.06270337068822429,0.08006683157580918,0.0154005677667379,-0.08289791115617065,-0.08164469477401562
工况 A：岩层锚杆,146.66014745825885,153.0126271653742,368.9129069409477,418.22984272553316,P1,锚杆屈服,1.0433142869225829,6.35247970711535,606.1572541877255,True,0.1,10.0,3201,580.9920000000001,-0.09992572255662241,0.04288633975346445,0.022959284958000703,0.04371969287976535,-0.09361044779390489,0.020868321151745264,-0.033328732419556986,-0.006173159215161331,-0.0726860544122448
工况 A：岩层锚杆,149.323549968769,155.92844528531052,339.42269925924205,418.48607831703885,P1,锚杆屈服,1.0442321075136705,6.60489531654153,606.6905006085825,True,0.1,10.0,3650,580.9920000000001,-0.08277385126287935,0.07830746336806729,-0.08383611079176856,0.0352882410315212,-0.03821771527683524,-0.05776640282875161,0.09094708034171686,-0.04633514801883814,-0.0892260462033992
工况 A：岩层锚杆,146.8038979212891,153.35169958357906,365.7940836503383,397.8890020904836,P1,锚杆屈服,1.0446023692490827,6.54780166228997,606.905619714763,True,0.1,10.0,3548,580.9920000000001,-0.09793117892012314,0.09151136646808622,-0.04263297758825149,0.0598135948871342,-0.01538853901599549,-0.06150285973385761,0.09440662490833693,0.024917315651819177,-0.07359408077217233
工况 A：岩层锚杆,150.19714028881296,157.01554206733303,334.958109504203,512.449175126999,P1,锚杆屈服,1.0453963488612967,6.8184017785200695,607.3669155176226,True,0.1,10.0,4473,580.9920000000001,-0.07637916430980576,0.07997579059079793,-0.0788058683979218,0.009173160484196252,-0.0359232614743203,0.05060027262413347,0.09919843905268386,-0.04876463371501223,-0.09452337282529735
工况 A：岩层锚杆,148.90310222276304,155.6746294499078,312.7097832757747,462.49852501243925,P1,锚杆屈服,1.045476065481929,6.771527227144759,607.413230236477,True,0.1,10.0,2694,580.9920000000001,-0.08426688558877754,-0.019771624668212875,-0.0833772998654213,0.052180380474241866,0.016769607408150436,0.025900917986855843,-0.0017185429436956667,-0.041738616120984263,-0.08665435461149532
工况 A：岩层锚杆,148.85364160352606,155.66316081861035,318.6885702009726,323.65633005914106,P1,锚杆屈服,1.0457464066161146,6.809519215084293,607.5702962727097,True,0.1,10.0,248,580.9920000000001,-0.08433434812582136,-0.029880833950834004,0.06047145008485094,-0.09281488558746898,0.03489869446771482,-0.018229310194346107,-0.04001583154501867,0.042358190804973134,-0.08635087099690796
工况 A：岩层锚杆,169.27139542144272,136.51463345001898,419.3803431980234,324.4311705494424,P1,锚杆屈服,0.8064837718749365,-32.75676197142374,468.56061958916314,False,0.2,20.0,567,580.9920000000001,-0.19697274441165305,0.043341947252656526,0.1127470510089239,0.10218311679099207,0.10511092415725554,-0.1391801114279253,-0.055024354428750144,-0.0341926157969627,-0.1965565141033157
工况 A：岩层锚杆,169.36874039067231,137.1623240806943,310.62594172013604,275.9866424029898,P1,锚杆屈服,0.809844389019547,-32.20641630997801,470.51311126524473,False,0.2,20.0,1857,580.9920000000001,-0.19316279952532756,0.155611387647003,-0.16826625052253474,-0.042015425963823405,0.0323076014406293,-0.018591470435623897,-0.12416209395854289,0.17641088199941718,-0.19701829460207781
工况 A：岩层锚杆,166.45233749650504,136.2304405537507,354.0726223411973,543.5038835210016,P1,锚杆屈服,0.8184351304565555,-30.22189694275434,475.50426331421517,False,0.2,20.0,1494,580.9920000000001,-0.19864446733087823,0.15201114525836362,-0.15240883723863996,0.10743886520176604,0.0645055578155706,0.12262377492659238,-0.12137920323679806,-0.08941604242754844,-0.1829492932001896
工况 A：岩层锚杆,169.92081778628153,139.0947124179037,279.43856297349055,255.2041194877965,P1,锚杆屈服,0.8185854695735431,-30.826105368377824,475.591609138472,False,0.2,20.0,3442,580.9920000000001,-0.18179580930644879,0.0586464959644441,-0.08991814699724454,-0.16759563445681813,0.061891391966117204,-0.015312827226966863,-0.089884167188311,0.16120923626607941,-0.19962720417780436
工况 A：岩层锚杆,167.8365358144271,137.39204820340757,294.68877404370807,501.968859395422,P1,锚杆屈服,0.818606315583865,-30.444487611019525,475.60372050370097,False,0.2,20.0,4794,580.9920000000001,-0.19181148115642604,0.010106937299284052,-0.05574817549060973,-0.0958760130557773,-0.00861370676870954,0.19714927856755676,-0.07167918716125385,-0.04256443003643057,-0.18968775576748076
工况 A：岩层锚杆,168.68148079471544,138.6206844267987,362.0457192036463,527.3551877934958,P1,锚杆屈服,0.8217895869404859,-30.060796367916737,477.4531756957268,False,0.2,20.0,1566,580.9920000000001,-0.18458420925412536,0.19717258041279517,-0.15580236487043095,0.09081310101977802,0.1986243355945742,0.12697775018339147,-0.07564939785594427,0.0004744409036035735,-0.1937467031990824
工况 A：岩层锚杆,169.15098580666393,139.28047955901076,322.0073736592651,538.1190635172255,P1,锚杆屈服,0.8234092097944109,-29.870506247653168,478.39416361687444,False,0.2,20.0,3147,580.9920000000001,-0.18070306141758372,0.018502009874694997,0.016491309338724752,-0.08805401759974579,0.18414664514916063,0.16972139615490217,-0.00913631620192587,-0.05564897819176773,-0.19598458530152946
工况 A：岩层锚杆,168.25353867375586,138.80846855527219,353.18934948869423,422.15725886380045,P1,锚杆屈服,0.8249958345566939,-29.44507011848367,479.31597991076274,False,0.2,20.0,1885,580.9920000000001,-0.18347959673369305,-0.06007932145281655,0.1888949928553757,-0.06897855763355798,-0.018801115652208156,0.033027353934104026,-0.14562748506505718,-0.19769555141506961,-0.19169604947385724
工况 A：岩层锚杆,164.86781187007628,136.2875662914001,270.93469431197076,299.9215538645669,P1,锚杆屈服,0.8266475107876196,-28.58024557867617,480.27559058752075,False,0.2,20.0,968,580.9920000000001,-0.1983084335799994,-0.04582943394659972,-0.14844711513806297,-0.003100982000438457,0.08812126204194903,-0.036139801715040276,-0.05246934815761195,0.1849099992760206,-0.17509671258829768
工况 A：岩层锚杆,164.76316317076552,137.34066502655887,263.3482581687453,285.84591116179956,P1,锚杆屈服,0.8335641437292318,-27.422498144206656,484.2940989935339,False,0.2,20.0,1379,580.9920000000001,-0.19211373513788896,-0.06585360143867533,-0.16405118587824807,0.01126214486622118,0.15995103012017603,-0.1351780705293172,-0.1970516260946739,-0.13013347545328868,-0.17457277838830093
工况 A：岩层锚杆,167.18037560727194,139.50454863240063,381.729189200431,500.2987258030032,P1,锚杆屈服,0.834455288939622,-27.675826974871313,484.81184723160885,False,0.2,20.0,2638,580.9920000000001,-0.17938500804470228,0.16941605039408042,-0.08186841925665096,0.08059587410581576,-0.11784719524154635,0.1253086618975503,-0.18761324825734774,-0.12415930625250798,-0.18650739055951535
工况 A：岩层锚杆,165.2660461824514,138.0296823690635,265.2164702796088,304.65840935874235,P1,锚杆屈服,0.835196857173437,-27.236363813387896,485.2426924429095,False,0.2,20.0,1113,580.9920000000001,-0.18806069194668545,-0.01964082758962643,-0.1929692615149528,0.0036033258872748275,0.11570796708025571,-0.057149670217421455,-0.12107393898039653,0.04662969790906707,-0.17708444570726944
工况 A：岩层锚杆,165.00708378781297,137.92674243822466,422.31475572348944,510.1226769295844,P1,锚杆屈服,0.8358837649393789,-27.08034134958831,485.64178035965966,False,0.2,20.0,2593,580.9920000000001,-0.18866622095161967,0.10101393681792303,0.19539369213944008,-0.05075137292824136,-0.16017474376811514,0.17693706341621301,-0.0668427923348934,-0.05642350742033117,-0.17579296065321623
工况 A：岩层锚杆,162.67236049026022,136.0797029015422,321.65621148797715,308.05669218835965,P1,锚杆屈服,0.8365262696835937,-26.592657588718026,486.0150704760105,False,0.2,20.0,199,580.9920000000001,-0.19953115940269295,0.015141913085452263,0.11017924960310282,-0.18512583828802318,-0.06703860415009408,-0.007408835148613319,0.1364682013566359,0.17457915600559876,-0.1639636900200829
工况 A：岩层锚杆,165.51985149062747,138.69886180194484,353.9156608160045,332.52479437967025,P1,锚杆屈服,0.8379590759226765,-26.82098968868263,486.84751943846777,False,0.2,20.0,2332,580.9920000000001,-0.184124342341501,0.07960244788228682,0.0448721118392911,-0.07777133021061694,0.11396665577842419,0.03257014352482987,-0.08824284947423089,0.09603621517035194,-0.17834629033786317
工况 A：岩层锚杆,165.00589506705398,138.31600905744787,458.31419196042697,549.1822641639067,P1,锚杆屈服,0.8382488940849049,-26.689886009606113,487.0159014721771,False,0.2,20.0,2357,580.9920000000001,-0.18637641730913024,0.1767565292611944,0.08789645660862366,0.08995880802143541,-0.11165292036913117,0.1143826455655359,-0.08619461490241109,-0.11158876331990211,-0.17578702297434137
工况 A：岩层锚杆,166.1664905773776,139.3102207169522,337.8658435509615,598.405531477901,P1,锚杆屈服,0.8383773421036449,-26.856269860425414,487.09052874348095,False,0.2,20.0,1121,580.9920000000001,-0.18052811342969305,-0.02339067129177086,0.07307583806009943,-0.04496871485488946,0.13778667482321527,0.18660691964790027,0.07446520308499827,-0.014852429396255307,-0.18154376657145668
工况 A：岩层锚杆,163.2526323666801,136.9596741757411,422.700617075345,471.0942037336204,P1,锚杆屈服,0.8389431287583611,-26.292958190939004,487.41924626357786,False,0.2,20.0,1584,580.9920000000001,-0.1943548577897583,-0.011597533898119877,0.14112291452265102,0.15349398786645446,0.03654530876155576,0.15981480609147897,-0.12129032415025023,0.16345742054607232,-0.16693533189387244
工况 A：岩层锚杆,162.63942188090755,136.47367631876747,351.05128610688683,271.1786013413696,P1,锚杆屈服,0.8391180609255984,-26.165745562140074,487.52088045328526,False,0.2,20.0,4589,580.9920000000001,-0.1972136687131325,-0.03110080728803602,0.15097456163290746,-0.07378575117735214,-0.12686489113705945,-0.061471231786792785,-0.09523674372342389,0.07181506449449243,-0.16379437145573605
工况 A：岩层锚杆,168.43978255554234,141.38189847185507,253.11498361082766,478.1317855223388,P1,锚杆屈服,0.8393616776680115,-27.05788408368727,487.6624198316934,False,0.2,20.0,2026,580.9920000000001,-0.1683417736949703,0.036798077632674564,-0.17398517288565946,-0.14669594442844414,0.1227650507632323,0.05822562214390409,0.17473561796088927,-0.044293892789718375,-0.19258979122016762
工况 A：岩层锚杆,166.94041884130823,140.13890578075117,286.86786435055444,486.50507179558497,P1,锚杆屈服,0.8394546195188699,-26.801513060557056,487.71641830350734,False,0.2,20.0,4746,580.9920000000001,-0.175653495407346,-0.07327920616257985,-0.08726660395810436,0.018501300934186282,0.07791754280235136,0.16503295441157345,-0.03217910277878064,0.11203580398720597,-0.18533809281214175
工况 A：岩层锚杆,167.3480125658122,140.8848429629669,302.0425455663568,567.4926912757122,P1,锚杆屈服,0.841867440209735,-26.463169602845312,489.1182478223344,False,0.2,20.0,4176,580.9920000000001,-0.1712656296296065,0.02029713441040157,-0.11677861772229853,0.003447387342561059,-0.0981475550666783,0.01836484397394217,0.13284760067012152,-0.17926767671320382,-0.18732228775937274
工况 A：岩层锚杆,162.13889776254396,136.61906131666427,323.4212311763597,320.9739480764762,P1,锚杆屈服,0.8426050947795756,-25.51983644587969,489.5468192261752,False,0.2,20.0,320,580.9920000000001,-0.19635846284315137,0.15854858623259294,-0.13860672425773948,-0.03859520710775949,0.07610629384212347,-0.10715723317926296,0.15838527252384188,0.11814585337334438,-0.16121299776457687
工况 A：岩层锚杆,168.83234424289282,142.27829008540849,312.1695965949075,469.5080385418417,P1,锚杆屈服,0.8427193896017815,-26.55405415748433,489.61322360351835,False,0.2,20.0,2447,580.9920000000001,-0.16306888185053825,0.028853188692957332,-0.04690767126923942,-0.06031740568441252,-0.037457817207353916,0.14096906836984646,-0.09697847426300484,-0.06347197371855975,-0.1944671466248086
工况 A：岩层锚杆,167.77491831244166,141.58963636001448,293.5425402190873,324.6079929865263,P1,锚杆屈服,0.8439261230712496,-26.185281952427175,490.3143260954115,False,0.2,20.0,4956,580.9920000000001,-0.16711978611756195,0.008443434253347093,-0.1893146923128083,0.09395707405759435,0.15261775162125407,-0.18305980562274274,0.05553613844061067,-0.029105012528204716,-0.18939015814788407
工况 A：岩层锚杆,166.47191756133728,140.58458247515634,383.32801470716083,221.74350999288245,P1,锚杆屈服,0.8444942818860566,-25.88733508618094,490.6444218215438,False,0.2,20.0,828,580.9920000000001,-0.173031867793198,0.12316449605790758,0.15560553234374197,-0.1475163494486168,0.02061053461243617,-0.10588668902772001,-0.1462776031302666,0.05245703692059983,-0.18304539292706692
工况 A：岩层锚杆,162.45829506199178,137.2563887594497,303.7893123169685,177.86960632004943,P1,锚杆屈服,0.844871532765222,-25.201906302542085,490.86360156433193,False,0.2,20.0,103,580.9920000000001,-0.19260947788559007,-0.04269886442807175,0.08111945050057656,-0.1543688695842076,0.12620994648990636,-0.17041257347481076,-0.12847567102467838,0.1614028302848325,-0.16286207516763396
工况 A：岩层锚杆,167.26891390249713,141.32540343734377,266.24368355843654,243.58255527324494,P1,锚杆屈服,0.8448993906884807,-25.943510465153366,490.87978679488185,False,0.2,20.0,569,580.9920000000001,-0.1686740974273896,-0.18924807271827554,0.04409373903573424,-0.0748137235240641,-0.035413103012942454,-0.17937744212705575,0.13844994984444825,0.15940234254722913,-0.1869379861025709
工况 A：岩层锚杆,163.98250876140435,138.5877983120398,341.04536103334596,519.5870104970863,P1,锚杆屈服,0.8451376879084463,-25.39471044936454,491.01823557330414,False,0.2,20.0,4747,580.9920000000001,-0.18477765698800114,-0.13828954640913427,0.1925385762960653,-0.00904737781546322,-0.058212692039918995,0.053592808154388605,0.0798052296367941,-0.09241953037889537,-0.17064325319061358
工况 A：岩层锚杆,160.8855572181127,136.09539565648694,267.59274367225345,285.6217658841086,P1,锚杆屈服,0.8459143133151616,-24.79016156162575,491.4694487216025,False,0.2,20.0,1634,580.9920000000001,-0.1994388490794886,-0.07309970460100237,-0.1429371065585423,0.009770556276723907,0.03478291637056255,-0.15183574077083956,0.11878331840210671,0.14353991407785305,-0.15467862776753366
工况 A：岩层锚杆,169.20402380712497,143.23288752872907,286.3836524796053,431.1275176214848,P1,锚杆屈服,0.846509936974074,-25.971136278395903,491.81550130244125,False,0.2,20.0,1569,580.9920000000001,-0.15745360277218193,-0.15911086702903687,0.06131296156417637,-0.050657477823397246,0.11801865295007752,0.030554959856264663,-0.0874240078718695,-0.13186599963910065,-0.19623660868121018
工况 A：岩层锚杆,163.9627079831292,138.81416051895738,391.9582860038662,351.628698305953,P1,锚杆屈服,0.8466203213308756,-25.148547464171827,491.87963373066816,False,0.2,20.0,480,580.9920000000001,-0.18344611459436844,0.1832845606620545,0.003572159484371007,-0.0159098216810393,0.08003346923642718,-0.02618548335003318,-0.1151536065317612,-0.05010027627931976,-0.17054309682422666
工况 A：岩层锚杆,164.39096778350955,139.24253298176703,284.47077293940254,304.4762810583111,P1,锚杆屈服,0.8470205806266613,-25.148434801742525,492.1121811794452,False,0.2,20.0,787,580.9920000000001,-0.18092627657784097,-0.17205339735124248,-0.10120802471161508,0.18192832508215923,0.06614655208264603,-0.09931731918891878,-0.0806580460695125,0.16867421695308477,-0.17270393967689462
工况 A：岩层锚杆,164.85849440469647,139.64850061744326,345.0930610330898,388.246657907367,P1,锚杆屈服,0.8470810140642955,-25.20999378725321,492.1472925232432,False,0.2,20.0,2568,580.9920000000001,-0.17853823166209845,-0.12403149135178052,0.18405819824800956,-0.005868625302365038,-0.052552780716485226,-0.048676106186225004,0.16919335412135,0.07643076281429673,-0.1750500907393604
工况 A：岩层锚杆,162.7957137154277,137.99739051102048,377.7032161849666,490.31250262229685,P1,锚杆屈服,0.8476721368244652,-24.79832320440721,492.49073011791967,False,0.2,20.0,299,580.9920000000001,-0.18825064405282063,0.009327114970548445,0.1440950176036912,-0.02722101160175025,0.03426046394077781,-0.03025441854732086,0.10004387947267279,-0.17519857240568243,-0.16459716969125796
工况 A：岩层锚杆,168.00027454897423,142.70295427661526,423.8325621326551,318.96790585569505,P1,锚杆屈服,0.8494209587438235,-25.297320272358974,493.5067816624915,False,0.2,20.0,1653,580.9920000000001,-0.16057085719638084,-0.021219011875172666,0.17852496535336487,0.12565906336301935,0.019680756430037583,-0.1392622234247023,0.034187597875942444,0.08445941721898076,-0.19047751341409716
工况 A：岩层锚杆,161.44044369783137,137.26984984160782,367.7793897395968,710.5255635733272,P1,锚杆屈服,0.8502816685671174,-24.170593856223547,494.0068471841467,False,0.2,20.0,743,580.9920000000001,-0.19253029504936567,0.08077608821363375,-0.010426034646917687,0.036422819156814945,0.002122966222544237,0.1844175154505413,0.019152394328802197,-0.1655715524403429,-0.15758407939864397
工况 A：岩层锚杆,169.00048052367524,143.85518911403992,313.1182267155373,379.09024782064523,P1,锚杆屈服,0.8512117164890977,-25.14529140963532,494.54719758643387,False,0.2,20.0,4389,580.9920000000001,-0.15379300521153,0.0632055619712571,0.034324149131567394,-0.18770681311323112,0.0757297602467018,0.07839870272434085,0.0346375978147217,0.042203248425138146,-0.19526856031070397
工况 A：岩层锚杆,167.51244277262117,142.71766660925502,196.51234051377833,409.7106203793391,P1,锚杆屈服,0.8519824811042711,-24.79477616336615,494.99500566173276,False,0.2,20.0,2423,580.9920000000001,-0.16048431406320587,-0.19692636573978806,-0.14958100706758426,-0.1763005413637133,-0.06380094217054852,0.07132909488969641,-0.10342664106883359,-0.17923046509551044,-0.1881200121676673
工况 A：岩层锚杆,161.84622402001844,138.0763549472647,338.79748619435355,383.904331461347,P1,锚杆屈服,0.8531330019178347,-23.76986907275375,495.6634490502467,False,0.2,20.0,230,580.9920000000001,-0.18778614736903126,-0.05805156468940331,0.04684836346619742,0.03530074230242669,-0.11414539589529658,0.04679296389785542,-0.04015742194132971,0.11850245096520629,-0.15969618183258671
工况 A：岩层锚杆,161.05698978758673,137.452375015751,265.1930791650057,296.9041859901665,P1,锚杆屈服,0.8534393645195582,-23.60461477183574,495.84144327094725,False,0.2,20.0,1713,580.9920000000001,-0.19145661755440588,0.03853297597890942,-0.1925664681370558,-0.06825520236957969,0.09301390556154443,-0.03409645341222617,-0.009911232155689176,0.17477783809255187,-0.15557840625628006
工况 A：岩层锚杆,168.92430709362782,144.22468855208115,334.5544863103981,394.05435826598426,P1,锚杆屈服,0.8537829222655524,-24.69961854154667,496.04104757290787,False,0.2,20.0,3993,580.9920000000001,-0.151619479105405,-0.07408554103648313,0.09542162700189427,-0.016737154676745414,0.017496865353049923,-0.17090984469348616,0.1646748590275679,-0.19905085389093335,-0.19490568089398297
工况 A：岩层锚杆,161.43233522006173,137.901885338467,407.8463803058573,493.86312872187375,P1,锚杆屈服,0.8542395496570223,-23.530449881594734,496.3063444343328,False,0.2,20.0,2796,580.9920000000001,-0.18881243918548823,-0.003971177563791756,0.16063284213377288,0.07023877807146395,-0.07213088150563488,-0.009435101865120199,0.14279309643845295,-0.036925403065434015,-0.1575417662477149
工况 A：岩层锚杆,169.76221365447552,145.1333590813277,425.5729143352259,437.83437683144894,P1,锚杆屈服,0.8549214572373803,-24.628854573147805,496.7025272832601,False,0.2,20.0,608,580.9920000000001,-0.14627435834513114,0.11839745079041814,0.05912449090647803,0.09478316165790668,-0.08138529428802617,0.0024704276673614134,0.11901111392273672,0.11316164142251484,-0.19887943805441438
工况 A：岩层锚杆,160.60871783128712,137.35373825668637,307.45832590620756,448.41705622137204,P1,锚杆屈服,0.8552072397525198,-23.254979574600753,496.86856463829605,False,0.2,20.0,3336,580.9920000000001,-0.19203683378419775,0.0929851916668864,-0.010148107423276154,-0.18977354346250805,0.1496611982405327,0.08452076724401436,0.06964898253313095,-0.07078238769532716,-0.1532215571083605
工况 A：岩层锚杆,165.83995909981323,141.91726106115232,364.32319986798285,462.4257630048119,P1,锚杆屈服,0.8557482878763695,-23.92269803866091,497.18290926986776,False,0.2,20.0,436,580.9920000000001,-0.16519258199322162,0.06841386718162384,-0.10313597217053472,0.17409301765726387,-0.030357846541436473,0.11841774914887565,-0.10434269089303153,0.13329422456526946,-0.17993226277783642
工况 A：岩层锚杆,166.06547301100565,142.11899362402946,258.32229420743636,396.2131693527872,P1,锚杆屈服,0.8558009744422359,-23.946479386976193,497.21351974314354,False,0.2,20.0,2463,580.9920000000001,-0.16400591985865023,-0.19561444800997863,0.09878807828163622,-0.15913913709232977,-0.05092796134032104,0.04287843319190404,0.09987958391056662,0.008795805121330297,-0.1810458999446147
工况 A：岩层锚杆,169.76688269303037,145.32128421678803,392.50029651918254,534.4717381265915,P1,锚杆屈服,0.8560049045581849,-24.44559847624234,497.332001509069,False,0.2,20.0,1195,580.9920000000001,-0.14516891637183515,0.159680791667888,-0.08737134221325907,0.1386631623292624,0.1930081564754007,0.0976533450917264,-0.08350780873559548,-0.03167576871361005,-0.198901470989999
工况 A：岩层锚杆,169.67337212856143,145.310506562232,416.9118552768152,343.28533821103014,P1,锚杆屈服,0.8564131468556557,-24.36286556632942,497.5691870179612,False,0.2,20.0,2797,580.9920000000001,-0.14523231433981176,0.06420210041077545,0.19097634249788448,-0.02017941947251284,-0.14179555924206247,-0.01093876433089544,-0.02874162664284574,0.06603136357861938,-0.19845996873950922
工况 A：岩层锚杆,161.03003463678854,137.909718515917,281.07545983562454,307.7744436599285,P1,锚杆屈服,0.8564223365347925,-23.120316120871536,497.5745261480222,False,0.2,20.0,1182,580.9920000000001,-0.1887663616710764,0.12840775285430117,-0.19690862519822208,-0.09132874650858064,-0.16573154021027314,-0.028622486993208213,-0.002459912971355477,0.08949962555378083,-0.15543705677791766
工况 B：煤层锚杆,108.88892791291605,222.29327231013033,145.63540693048762,79.54233963120102,P3,围岩压陷极限,0.7304906123679997,-29.34658828171503,493.2200689479209,False,0.1,10.0,2181,675.1901538461539,0.08435742590307488,-0.03933082090881142,-0.09558218036573958,-0.03584010035109897,-0.09502512516559275,-0.09808861228947448,-0.08644959631365662,0.08130710699433497,-0.09576170554013437
工况 B：煤层锚杆,107.83196726487114,206.21703634883815,165.4924054708137,80.15109935137822,P3,围岩压陷极限,0.7432962727509227,-27.680867913492918,501.8663247519682,False,0.1,10.0,4294,675.1901538461539,0.005936762677259261,-0.03137306095952601,0.04019610220571554,-0.09541610220537969,0.05016274455853892,-0.08495828731884546,-0.08858530823959321,0.07545957966650993,-0.08689843133730268
工况 B：煤层锚杆,105.8791746227221,185.92816759436388,179.0052655548019,80.9134933220151,P3,围岩压陷极限,0.7642059320006328,-24.965681300707004,515.9843207976508,False,0.1,10.0,857,675.1901538461539,-0.09303332880798099,0.02544100172494773,0.0512464981312446,-0.0635122880793477,-0.0779277314855583,-0.09902245729042636,-0.0399336065047254,0.08742564821827842,-0.07005755558271774
工况 B：煤层锚杆,107.66534475554343,222.64346248088611,158.24310701545738,82.6459779271344,P3,围岩压陷极限,0.7676191267931565,-25.019366828409034,518.2888763147216,False,0.1,10.0,2159,675.1901538461539,0.08606567063846879,0.0004310972142929498,-0.05791463303432576,-0.03089892143089089,-0.09880097495287737,-0.08530247479286651,-0.08308798992194244,0.07885984084276229,-0.0854853185572611
工况 B：煤层锚杆,97.78327157909816,222.9683364437328,159.06568152842942,75.65239309324892,P3,围岩压陷极限,0.7736741865100384,-22.130878485849237,522.3771930165108,False,0.1,10.0,811,675.1901538461539,0.08765042167674533,0.05276102611069619,-0.08010535085216093,-0.09540074642969743,-0.09543687941417318,-0.09956787317360521,-0.09090118603281308,0.0578903393564027,0.006936430654108955
工况 B：煤层锚杆,108.97463194822748,191.09343559981198,178.46873007800951,85.43779471349232,P3,围岩压陷极限,0.7840154464030011,-23.53683723473516,529.3595098746033,False,0.1,10.0,2422,675.1901538461539,-0.06783689951311234,-0.030436170730572587,0.09026886191518296,-0.014412928073098685,-0.0867130135363266,-0.09228740079694964,-0.09671662290245114,0.03275773257078898,-0.09647285151358583
工况 B：煤层锚杆,108.29263572409297,221.82769837615677,170.77071662960265,85.79515530755837,P3,围岩压陷极限,0.792252905600585,-22.4974804165346,534.9213612175214,False,0.1,10.0,1296,675.1901538461539,0.08208633354222822,0.054691540920244,-0.039208410203920234,-0.019862053277733313,-0.08917534187677133,-0.08225440764266108,-0.06811177773749384,0.07795231563949453,-0.09078269447243029
工况 B：煤层锚杆,105.64811993309084,211.07721326269248,158.7858919393069,83.96228743246263,P3,围岩压陷极限,0.7947352729574146,-21.68583250062821,536.5974312150819,False,0.1,10.0,1588,675.1901538461539,0.029644942744841335,0.03738927864570782,-0.06836287908516267,-0.0946330275901826,-0.0839855651344072,-0.0818882255280558,-0.002226576507888975,0.09167136806624279,-0.06802375163991359
工况 B：煤层锚杆,102.13911111170684,205.72959392948093,163.32567432659414,81.32679026491043,P3,围岩压陷极限,0.7962355397431007,-20.81232084679641,537.6103965769196,False,0.1,10.0,1558,675.1901538461539,0.0035589947779557374,-0.004993295742521053,-0.01827543506466485,-0.043237666758994875,0.02842665494220145,-0.09955895612236272,-0.09269596093312243,0.07379287524893327,-0.03600552824614174
工况 B：煤层锚杆,106.91346853941967,198.10003681103538,171.35958456837093,86.23919476259186,P3,围岩压陷极限,0.8066261055855178,-20.674273776827803,544.6260043266097,False,0.1,10.0,2174,675.1901538461539,-0.03365835701933957,-0.012553100902231204,0.05819128056795422,-0.09993258357347996,-0.09170605354296027,-0.05168582665035344,-0.08028890640881059,0.03709941249100404,-0.0790539320568851
工况 B：煤层锚杆,107.64084929196673,188.93053608080044,152.98273818212536,86.88857617093522,P3,围岩压陷极限,0.807208199698028,-20.752273121031507,545.0190285399884,False,0.1,10.0,4074,675.1901538461539,-0.07838762887414415,-0.0774137449213882,-0.0038357261816159005,-0.056377527542245946,-0.05356275040149079,-0.08477901108680891,-0.02847376912725555,0.07211997940469003,-0.08527720554796224
工况 B：煤层锚杆,105.41210322324157,207.77661446963043,155.8562969321788,85.20540866680504,P3,围岩压陷极限,0.8083076426846088,-20.20669455643653,545.761361619243,False,0.1,10.0,3344,675.1901538461539,0.013544460827465563,-0.03592910494808825,-0.04515059007005278,-0.005956404596756976,-0.0383118346690879,-0.0929454299544697,-0.06250818795282789,0.09601475243985622,-0.06593706556621133
工况 B：煤层锚杆,109.11985582301787,215.7343768097035,178.1908537903828,88.435698322889,P3,围岩压陷极限,0.8104455202573156,-20.684157500128876,547.2048355064632,False,0.1,10.0,368,675.1901538461539,0.052362813705870676,0.01867385188732487,0.05520902804162378,-0.06850353917610913,-0.04472400581883527,-0.09221252481454983,-0.099716899320597,-0.0498153342774031,-0.09767532481683441
工况 B：煤层锚杆,99.41168440488568,198.77095214076496,149.46019620750232,81.06460853434201,P3,围岩压陷极限,0.8154434664257436,-18.347075870543662,550.5793995488389,False,0.1,10.0,4986,675.1901538461539,-0.030385599313341657,-0.005056352375827272,-0.09599167242292539,-0.06145561023413504,-0.07800614668952643,-0.08792054576750413,-0.08386367502506227,0.06372564679576298,-0.009557688807257686
工况 B：煤层锚杆,105.09509575322971,215.39612281542534,162.4784586049057,85.83453484844615,P3,围岩压陷极限,0.8167320675932525,-19.26056090478356,551.4494503693754,False,0.1,10.0,2072,675.1901538461539,0.050712794221587004,0.052435732207088415,-0.06402640774559956,-0.08314908536667016,-0.06755599116902264,-0.0786171405942242,-0.08442478392807816,0.0035614355277667764,-0.06311957036765348
工况 B：煤层锚杆,106.8223350808446,199.57862930228933,148.75600948137543,87.38422275039649,P3,围岩压陷极限,0.8180332575978884,-19.438112330448106,552.3280010487886,False,0.1,10.0,1869,675.1901538461539,-0.026445710720539917,-0.025423802994878453,-0.08152247074471775,-0.061215057107409335,0.011371967569291958,-0.09946954440446815,-0.08534565123802916,-0.01609648872308614,-0.07826824430470075
工况 B：煤层锚杆,107.46512357666673,200.74669049831454,163.70016234956532,87.98379901495039,P3,围岩压陷极限,0.818719563023457,-19.481324561716335,552.7913877146638,False,0.1,10.0,693,675.1901538461539,-0.0207478512277339,-0.03109472657950972,0.02583064748022937,-0.08747445662634101,-0.05559702146633272,-0.08643046708386443,-0.05069528576254434,-0.0036711737723792437,-0.08378146151486088
工况 B：煤层锚杆,106.3566309765107,223.27304903005302,192.1439883809099,87.10182824097018,P3,围岩压陷极限,0.8189600163266452,-19.254802735540522,552.9537394174363,False,0.1,10.0,4117,675.1901538461539,0.08913682453684402,0.09859454539446477,0.037616868067893355,-0.019219737973992415,0.07064173519114,-0.09685057424005508,-0.059308087026671875,0.08554489272834565,-0.07423225465571491
工况 B：煤层锚杆,105.09610159862109,193.01056808069762,170.1259014484279,86.13718230407366,P3,围岩压陷极限,0.8196039719250997,-18.958919294547428,553.3885318970268,False,0.1,10.0,2784,675.1901538461539,-0.058485033752694496,0.08223379440438272,-0.0446280826278078,-0.09025789149009618,-0.07426818826129114,-0.07290909098650755,0.003921174029612978,0.09967131891429465,-0.06312853698818527
工况 B：煤层锚杆,102.07332963217225,196.06384376741252,144.4976984764463,83.84390537781155,P3,围岩压陷极限,0.8214085469725384,-18.229424254360694,554.6069632009338,False,0.1,10.0,459,675.1901538461539,-0.04359100601262181,-0.03633271740293907,-0.09641321341590879,-0.06544964582969218,-0.07464578993155815,-0.0920355259943969,-0.020840850792794297,0.0856045709946548,-0.03538427896541736
工况 B：煤层锚杆,102.64926473845112,210.00762490464535,150.8001821711691,84.5755221907675,P3,围岩压陷极限,0.8239272088919949,-18.073742547683622,556.3075389298182,False,0.1,10.0,3780,675.1901538461539,0.02442743855924559,0.006445909458431709,-0.09141738411427935,-0.0837508434580565,-0.07452223518021822,-0.09659182413542539,-0.00427866523997926,0.06227704072174467,-0.04079645662911398
工况 B：煤层锚杆,108.98616260226541,215.09568883829132,188.12401223800507,89.80974116940553,P3,围岩压陷极限,0.8240471911756138,-19.176421432859883,556.3885497863536,False,0.1,10.0,2739,675.1901538461539,0.04924726262581139,0.0384994462941643,0.0992018586916851,-0.08567399602622863,0.025852707816029413,-0.0923228431256848,-0.011157423485516446,0.028326929303746085,-0.09656844400637882
工况 B：煤层锚杆,106.98019836209261,198.82530325411702,141.56426791871266,88.28932096022541,P3,围岩压陷极限,0.8252865699631182,-18.690877401867198,557.2253661405624,False,0.1,10.0,2219,675.1901538461539,-0.03012047193113654,-0.0667944263232835,-0.0871829978850516,-0.06119868877022645,0.06404661849649554,-0.07103052978304775,-0.044802990059828,0.09907565235809046,-0.07962838012060242
工况 B：煤层锚杆,107.44379528342955,213.8410475036634,148.3679942819838,88.74153194612859,P3,围岩压陷极限,0.8259344498398847,-18.702263337300963,557.6628082542302,False,0.1,10.0,3612,675.1901538461539,0.04312706099347999,-0.038882123979351674,-0.0650275693918897,-0.08027204552373804,0.05107240474120925,-0.08300817105133525,-0.07218730948160919,0.009946126925531457,-0.0835995861668558
工况 B：煤层锚杆,105.38043646772556,194.07618256956266,163.50145993156318,87.0544800842214,P3,围岩压陷极限,0.8260971675789484,-18.325956383504163,557.7726736695021,False,0.1,10.0,4115,675.1901538461539,-0.05328691429481627,-0.07127843598876858,0.0582256399857545,-0.058048914709355096,-0.08795632313752229,-0.09572750531298864,-0.06620644229128976,-0.0064607576344978546,-0.06565638023625123
工况 B：煤层锚杆,107.92364532131704,214.63814761175422,168.0961598045147,89.21991977848651,P3,围岩压陷极限,0.8266948314510261,-18.703725542830526,558.1762104312386,False,0.1,10.0,2343,675.1901538461539,0.04701535420367911,-0.0903309899302762,0.08560304526363108,0.010100262043684638,-0.09811873375251962,-0.06985171476310628,-0.0847463557391818,0.07536571617818694,-0.08767408505900082
工况 B：煤层锚杆,108.3913473895737,222.62077610626946,186.06258010907115,90.05173348424755,P3,围岩压陷极限,0.8308018642907814,-18.339613905326146,560.9492385661641,False,0.1,10.0,3255,675.1901538461539,0.08595500539643638,0.06272763454389726,0.06381985238498045,-0.08964077809853908,-0.09528528039923062,-0.06038215128208986,0.009949450879566002,0.08201462646483959,-0.09161071586596388
工况 B：煤层锚杆,103.75572666410494,195.6109841018705,144.3247509315134,86.47127179687871,P3,围岩压陷极限,0.8334120397693102,-17.28445486722623,562.7116033490774,False,0.1,10.0,3108,675.1901538461539,-0.045800077551851094,-0.07806438146635242,-0.05189288147974585,-0.08015069736538055,0.0013085503390415365,-0.05615126585537849,-0.08816445168371634,0.06390189994805728,-0.05102550358213678
工况 B：煤层锚杆,107.3588030945422,187.20252989337865,163.75702507829538,89.52305195135798,P3,围岩压陷极限,0.8338678279835356,-17.83575114318421,563.0193470635616,False,0.1,10.0,1290,675.1901538461539,-0.08681692734937246,-0.021556419261126086,0.012516844713757663,-0.07692797322440247,-0.09162024748196662,-0.09570587712380314,0.04128286736254155,0.054853646842035836,-0.08287410418658113
工况 B：煤层锚杆,108.50454163059662,187.39980478159612,167.36493011909786,90.89229849190248,P3,围岩压陷极限,0.8376819728094427,-17.61224313869414,565.5946200953573,False,0.1,10.0,4452,675.1901538461539,-0.08585461082148237,-0.057781039151231166,0.07442387485781674,-0.07642262100274365,0.0947500925485188,-0.057178809860933405,-0.05874656731348365,0.07619566375714165,-0.09255836684928387
工况 B：煤层锚杆,107.81735156154762,214.56122750605854,162.7199444589553,90.31717851013023,P3,围岩压陷极限,0.8376868583956322,-17.50017305141739,565.5979187950481,False,0.1,10.0,4978,675.1901538461539,0.04664013417589541,-0.07334952624557226,0.06945720508479888,-0.09638489692213299,0.0013948317950176758,-0.08063322651006127,0.0557903512857387,0.09929519343209645,-0.08677465143139221
工况 B：煤层锚杆,109.16902789326882,200.3952246557769,181.45700516093797,91.53039447346814,P3,围岩压陷极限,0.8384282267581843,-17.638633419800684,566.0984834138164,False,0.1,10.0,706,675.1901538461539,-0.022462318752307822,-0.0020568433689571036,0.09816407235898919,-0.07195109933587783,0.004849431568983986,-0.08681889366049322,-0.003211876891168128,0.03869656456983567,-0.0980817511922772
工况 B：煤层锚杆,98.65594510383211,187.4455374447526,144.55401818505882,82.78185288400773,P3,围岩压陷极限,0.8390964457021073,-15.874092219824377,566.5496582653667,False,0.1,10.0,11,675.1901538461539,-0.08563152465974344,-0.05210514171244227,-0.07658177091374574,-0.07955400709006571,-0.0514396767234713,-0.09653876729802154,-0.048617783551166666,0.04804287506023169,-0.0019705517198080613
工况 B：煤层锚杆,102.44087065500264,203.4417358155563,145.22021056186756,86.18058164147338,P3,围岩压陷极限,0.841271468022854,-16.26028901352926,568.0182119207306,False,0.1,10.0,1630,675.1901538461539,-0.007601288704603304,-0.05466812298604998,-0.07019888513501192,-0.07833566577203771,0.04622051793937185,-0.0735232794432989,-0.05413661984948213,0.08295311093296379,-0.03884516177986866
工况 B：煤层锚杆,95.94473917063895,202.40966276224282,157.89156299905773,80.74207243766304,P3,围岩压陷极限,0.8415476777112524,-15.202666732975914,568.204705982734,False,0.1,10.0,983,675.1901538461539,-0.012635791403693683,-0.0064493790570577525,-0.03216658575549543,-0.0963388422925192,-0.006127253716279396,-0.09480802033043062,-0.06581306978008233,0.052585724139875806,0.026231759163192453
工况 B：煤层锚杆,106.40752857814437,221.78841401531656,149.6914852956507,89.55807110439984,P3,围岩压陷极限,0.8416516415812582,-16.849457473744522,568.2749013641176,False,0.1,10.0,4326,675.1901538461539,0.0818947025137394,-0.08420467881321587,-0.025193546387329888,-0.034773288240775704,-0.06712381216055552,-0.07025915245058918,-0.07005414945531752,0.047338582246099326,-0.07467507443113362
工况 B：煤层锚杆,99.09371520935473,208.79636224217535,177.98521576745338,83.44459925038065,P3,围岩压陷极限,0.8420776138434988,-15.649115958974079,568.562513641394,False,0.1,10.0,101,675.1901538461539,0.018518840205733536,-0.01809962915924146,0.07843980204438286,-0.027661823727930163,0.01857765443659061,-0.09871553095355767,-0.07255150131988526,0.08614763434052775,-0.006379584683858824
工况 B：煤层锚杆,105.01137177309154,204.23120464368833,164.4598889202675,88.49706440888365,P3,围岩压陷极限,0.8427379141385564,-16.514307364207895,569.0083418991986,False,0.1,10.0,2550,675.1901538461539,-0.0037502212503007365,-0.04504697541131524,0.023131700574216513,-0.02337540961301457,-0.038850785427526006,-0.07322828684256172,-0.04772000224307445,0.09923522441267729,-0.06237260975607435
工况 B：煤层锚杆,106.46721480324825,185.7774961698961,162.5901184421009,89.78662971871545,P3,围岩压陷极限,0.8433265572377507,-16.680585084532808,569.4057879239042,False,0.1,10.0,3800,675.1901538461539,-0.0937683113663605,-0.06946254081544277,0.05333497585274247,-0.06659921420250714,0.021901784768414784,-0.08387006284808503,0.007189747061991131,0.08830771448305622,-0.07519381770720981
工况 B：煤层锚杆,108.68104654674205,221.2747481049551,144.09213412564577,91.69419027259435,P3,围岩压陷极限,0.8436999199594392,-16.986856274147698,569.6578787574015,False,0.1,10.0,3496,675.1901538461539,0.07938901514612262,-0.05669183823655706,-0.09693188652334997,-0.008811408163668391,0.029806827260683427,-0.09890389318579298,-0.07155268566086566,0.011519586618670183,-0.09403210964488035
工况 B：煤层锚杆,103.24278389829644,211.45883611183731,157.42391787062044,87.11896988117384,P3,围岩压陷极限,0.8438262374539801,-16.123814017122598,569.7431670859739,False,0.1,10.0,2944,675.1901538461539,0.031506517618718505,-0.051039894183097935,-0.011356034739106693,-0.032706781830824386,0.015445208525816836,-0.089742709958602,-0.07224634874218738,0.05505341014923826,-0.046310698493639404
工况 B：煤层锚杆,106.89821628188366,185.33554510201873,162.98846046366566,90.38533895827088,P3,围岩压陷极限,0.8455271014057952,-16.512877323612784,570.8915736792715,False,0.1,10.0,20,675.1901538461539,-0.09592417023405496,0.028018918207061427,-0.04800269034350657,-0.05491623374023891,-0.04862231840945526,-0.08924750218709745,-0.0021934687384964346,0.05119037254263392,-0.07892253129928975
工况 B：煤层锚杆,93.98958305742434,201.33378923070123,165.7536347115005,79.75977128352442,P3,围岩压陷极限,0.8486022460041555,-14.229811773899925,572.9678810337375,False,0.1,10.0,881,675.1901538461539,-0.017883954972189198,0.06880076593939544,-0.06581916637682113,-0.06429120666908636,0.05597539194249315,-0.09547226044427132,-0.09650847722982775,0.0847640262574901,0.04757926632552373
工况 B：煤层锚杆,103.02562216277245,217.44428254263826,166.90765415672618,87.58784866346734,P3,围岩压陷极限,0.8501559789183837,-15.43777349930511,574.016946199131,False,0.1,10.0,2429,675.1901538461539,0.06070381728116231,-0.0472538026648641,0.0415244150774603,-0.025546414394587866,-0.08927433471667474,-0.07984599119147202,-0.07591165416312112,0.0464243376565083,-0.0443004721099679
工况 B：煤层锚杆,106.15960045083786,204.47193317464576,168.02331485869288,90.29799753859699,P3,围岩压陷极限,0.8505872022419082,-15.861602912240869,574.3081039412837,False,0.1,10.0,2493,675.1901538461539,-0.002575935733435425,-0.08811430500128065,0.09184856578303785,-0.015687075031181302,-0.0468405956360938,-0.042777328383280924,-0.09904854857447737,0.09357224369644584,-0.07251404448215062
工况 B：煤层锚杆,106.25768184830338,213.10769977555026,163.46949043075335,90.46098946304276,P3,围岩压陷极限,0.8513359965088224,-15.796692385260613,574.8136824575605,False,0.1,10.0,1534,675.1901538461539,0.03954975500268426,0.03097164291618071,-0.06485936692733266,-0.0015923110815469627,0.036925351842613835,-0.07714946319694078,-0.07090860802286228,0.08624698379842172,-0.0733701625252367
工况 B：煤层锚杆,106.0994153621817,206.39540998252295,160.57213632525267,90.35992768717824,P3,围岩压陷极限,0.8516533986424427,-15.73948767500346,575.0279892529907,False,0.1,10.0,4941,675.1901538461539,0.006806877963526678,0.004108465310558224,-0.028893865671856325,-0.08793890871049688,0.02358341214870678,-0.062440122621537246,-0.0037311771662712073,0.09522231259907901,-0.07198792636670544
工况 B：煤层锚杆,99.42835565202185,201.52818895345442,168.4474194536442,84.77079641447749,P3,围岩压陷极限,0.8525816992403785,-14.657559237544362,575.6547686765265,False,0.1,10.0,2594,675.1901538461539,-0.01693566364168579,0.04521346151341102,-0.03536758874504657,-0.04556023552826902,-0.09942636183177814,-0.08118324599075649,-0.06618521878579345,0.06436174195213523,-0.009723757213355028
工况 B：煤层锚杆,99.616611354766,212.43879422285855,146.09853037212028,85.05623890276286,P3,围岩压陷极限,0.8538358989129927,-14.560372452003136,576.5015919464325,False,0.1,10.0,4782,675.1901538461539,0.03628680108711502,-0.028396044654303496,-0.09627017718619771,-0.05764153530713845,-0.06746296101894672,-0.08115512142753796,-0.09014301165608783,0.028752346758237096,-0.011595183549397814
工况 B：煤层锚杆,99.09123208578676,207.91061452280428,155.70095069825547,84.63789027202198,P3,围岩压陷极限,0.8541410626396085,-14.45334181376478,576.7076354899547,False,0.1,10.0,2660,675.1901538461539,0.014198119623435618,0.0009553583395442294,-0.05559935508797185,-0.08728560076652421,-0.039330337013497974,-0.09759061897423196,-0.07208940169059518,-0.0077759006121534135,-0.006354685586138942
工况 B：煤层锚杆,121.12974375944188,217.84200063448807,165.4257458373008,47.206657587913014,P3,围岩压陷极限,0.3897197841156444,-73.92308617152887,263.1349609939318,False,0.2,20.0,1214,675.1901538461539,0.0626439055340881,0.09878094018261296,-0.05796143979480736,-0.1738127931239234,-0.15673275322576577,-0.19396024768532333,-0.1595544076191494,0.1305841850525773,-0.1871398765849075
工况 B：煤层锚杆,113.43826685402858,174.55411597115474,176.89617234638,46.57857388016925,P3,围岩压陷极限,0.41060724191163966,-66.85969297385932,277.23796683666495,False,0.2,20.0,3028,675.1901538461539,-0.1485165074577818,0.1577573629190313,-0.058899988171946804,-0.12893696600940996,-0.10263222766690956,-0.18552832369422725,-0.19611233361596137,0.19492000078660404,-0.13202536329087305
工况 B：煤层锚杆,118.13768146470335,231.86156734879665,130.76393318108822,51.6935924585374,P3,围岩压陷极限,0.43757073795275203,-66.44408900616594,295.4434538768937,False,0.2,20.0,2497,675.1901538461539,0.1310320358477885,-0.032244424097413404,-0.15428626991660024,-0.17462216649940776,0.05004932927119654,-0.16582163337017503,-0.19404440799022316,0.11811714678859664,-0.16655264230019307
工况 B：煤层锚杆,107.2105465051807,196.07847490341908,149.8316506294434,48.88371281213507,P3,围岩压陷极限,0.4559599256382196,-58.32683369304563,307.85965233935036,False,0.2,20.0,2121,675.1901538461539,-0.04351963461746791,0.14506076566586318,-0.1996855802669035,-0.10870763079045892,-0.06907355272166613,-0.19532454609977046,-0.1808616132549204,0.1684751011295409,-0.08160585249156874
工况 B：煤层锚杆,122.03560061986597,221.79132003306242,171.01044482309774,56.90418724543676,P3,围岩压陷极限,0.4662916964918303,-65.13141337442921,314.835562291503,False,0.2,20.0,3536,675.1901538461539,0.08190887821006043,0.13176322862086737,-0.05458800040380238,-0.17366543930958214,-0.10145612971588479,-0.18873998999401687,0.024176859706525555,0.17316627671637663,-0.19317364800587475
工况 B：煤层锚杆,100.53214227457737,217.51010936071975,186.1851663666074,47.8819667320646,P3,围岩压陷极限,0.4762851526757231,-52.65017554251277,321.5830455097604,False,0.2,20.0,3298,675.1901538461539,0.061024923710827905,0.1293555246907943,0.03641394040549417,-0.1870709849972951,-0.08978290182791647,-0.1755891072466409,-0.1542702764834185,0.17300763690966303,-0.020596435788502232
工况 B：煤层锚杆,118.50394200778187,188.5518209074059,166.12903819590227,57.69867394791269,P3,围岩压陷极限,0.4868924440009241,-60.805268059869185,328.74498417151375,False,0.2,20.0,4210,675.1901538461539,-0.08023501996387372,-0.09595008320200411,0.07667155153893213,0.01819659183647318,-0.12289865078485698,-0.1673282046256762,-0.18941131279202847,0.18256415305748636,-0.16912858092878708
工况 B：煤层锚杆,122.26804297685207,189.55665187794693,186.2405921973365,61.04251001266435,P3,围岩压陷极限,0.49925155033536434,-61.22553296418772,337.08973107886544,False,0.2,20.0,4340,675.1901538461539,-0.0753334054734296,0.0302750927164821,0.09390104607260669,-0.07772738833104618,0.14153786505348293,-0.16820690173730132,-0.1387573267036852,0.1570089824228597,-0.19470749621649458
工况 B：煤层锚杆,120.82952358537787,166.9531146206117,184.79878901733008,60.4041225121312,P3,围岩压陷极限,0.49991194800540434,-60.42540107324667,337.53562508329946,False,0.2,20.0,4368,675.1901538461539,-0.1855945628262844,0.1005869493041297,0.055963791638712124,-0.1880774292993865,-0.13050488447548436,-0.078142005332754,-0.12176565670072437,0.19403634409626486,-0.18512019629072063
工况 B：煤层锚杆,119.5091537812359,170.76596653243976,179.79929617407558,59.90515743754513,P3,围岩压陷极限,0.5012599917425808,-59.60399634369077,338.44581094159497,False,0.2,20.0,2374,675.1901538461539,-0.16699528520761098,0.12604012819757582,-0.054013621463149114,-0.015120116739849365,-0.06660413410590013,-0.19529277398043146,-0.10102020123257792,0.15713375732093515,-0.17611718143553717
工况 B：煤层锚杆,118.42412607606286,179.17732272917885,194.93919731433462,59.38086239067749,P3,围岩压陷极限,0.5014253797620397,-59.04326368538537,338.55747930389776,False,0.2,20.0,654,675.1901538461539,-0.1259642793698592,0.11796596502682372,0.038645687104675946,-0.031201025235062574,-0.04338477972287791,-0.19006325102055435,-0.11483107913978632,0.15232735835196481,-0.16856858712812103
工况 B：煤层锚杆,122.18154811950156,217.6163158385655,204.48158425399365,61.614485423841685,P3,围岩压陷极限,0.504286337602947,-60.56706269565987,340.4891698686473,False,0.2,20.0,4345,675.1901538461539,0.061543004090563236,0.1357957344123652,0.1017789154702139,-0.11040396283337231,-0.07271355775859747,-0.13678205703941862,-0.18143284290369946,0.06308384970468717,-0.1941374129157651
工况 B：煤层锚杆,105.84315740980556,210.65395201318512,122.0532514134475,53.813818420882825,P3,围岩压陷极限,0.5084298289829493,-52.02933898892273,343.28681445097124,False,0.2,20.0,4171,675.1901538461539,0.027580253722854303,-0.15399420869953634,-0.11894309468766805,-0.1043259104698787,-0.032037974937195235,-0.19738310747380128,-0.1323781708229494,0.1349430054777745,-0.06974110683118423
工况 B：煤层锚杆,100.66080135944722,214.74948699561529,185.39773679738516,52.38009786847464,P3,围岩压陷极限,0.520362416760739,-48.28070349097258,351.3435802284398,False,0.2,20.0,1769,675.1901538461539,0.04755847314934272,0.00845085970401177,0.1340808466151363,-0.13329308387622665,-0.0027141279335961,-0.1660808448114985,-0.19071263907150893,0.14526163043354845,-0.021848255410320816
工况 B：煤层锚杆,106.81597523411685,232.3833614808984,146.6237292071987,55.5865114744467,P3,围岩压陷极限,0.5203951127405189,-51.229463759670146,351.36565623205746,False,0.2,20.0,3472,675.1901538461539,0.13357737307755302,-0.018862398383118206,-0.06771598476402488,-0.1653220519848577,0.14721762817284673,-0.17993442722630162,-0.0783860274934991,0.19832083582713034,-0.07821336419264374
工况 B：煤层锚杆,104.4127073309755,239.25645158270015,168.17770034413584,54.748118703525854,P3,围岩压陷极限,0.524343445381423,-49.66458862744964,354.0315315553054,False,0.2,20.0,4089,675.1901538461539,0.16710464186682994,0.11319887853633731,-0.04640360065524293,-0.19838361191917767,0.11405411136346622,-0.1838231436996444,-0.16629238893544215,0.035682037878406486,-0.05699659573592464
工况 B：煤层锚杆,114.18669348811916,193.98003729185697,190.6356264606872,60.172198849509854,P3,围岩压陷极限,0.5269633178034936,-54.01449463860931,355.80044361902054,False,0.2,20.0,3854,675.1901538461539,-0.053755915649478236,-0.0077091908800834275,0.1418802644662892,-0.024758984813507995,-0.06525613552130044,-0.16715626088997118,-0.13015804841528694,0.1826936297025648,-0.13771442666580824
工况 B：煤层锚杆,112.9127895274311,212.5875426993273,174.5822247948301,59.620286028433156,P3,围岩压陷极限,0.5280206633629309,-53.292503498997945,356.51435292996547,False,0.2,20.0,2444,675.1901538461539,0.037012403411352535,0.12865760598387682,-0.03444207517623621,-0.16706180017366076,-0.02623782867747898,-0.10865580504295252,-0.12947501784502086,0.180698504877009,-0.12798595381776345
工况 B：煤层锚杆,113.9990554145354,174.62374352078166,155.186372230964,60.467326442677034,P3,围岩压陷极限,0.5304195392040694,-53.53172897185837,358.1340502782016,False,0.2,20.0,1223,675.1901538461539,-0.14817686087423576,-0.07746296515600735,0.052686614562621636,-0.17415528742507488,0.14792072370815185,-0.18591185942832908,-0.0012153935015939976,0.1643192186072362,-0.13629513767897267
工况 B：煤层锚杆,117.15779113453102,225.07721793234793,186.7842965002095,62.55634656940288,P3,围岩压陷极限,0.533949521953432,-54.60144456512814,360.5174598738181,False,0.2,20.0,407,675.1901538461539,0.09793764845047781,0.17171841562716122,-0.011656928750704149,-0.14775383058843553,-0.13278985089843034,-0.18868919499560094,0.039586923298532556,0.10898953241010173,-0.15958181263014648
工况 B：煤层锚杆,112.42180672435161,186.99163189380258,187.57218654979772,60.771161859627455,P3,围岩压陷极限,0.5405638250293646,-51.65064486472416,364.9833721852421,False,0.2,20.0,2358,675.1901538461539,-0.08784569807901194,0.09259954432501372,0.07063840358252993,-0.1644178694260381,-0.1027058155181718,-0.19718678552052823,-0.14103286182927022,-0.0879524522861423,-0.1241775832427468
工况 B：煤层锚杆,121.15065503156958,165.478116593779,133.1173162321626,65.51161430100663,P3,围岩压陷极限,0.5407450276181794,-55.639040730562954,365.10571838906134,False,0.2,20.0,534,675.1901538461539,-0.19278967515229764,-0.08144670997458765,-0.09852202129146344,-0.15715817602589255,-0.182236437542619,-0.11700818896864762,-0.036674567774905575,0.13673054900263099,-0.18728018073132802
工况 B：煤层锚杆,121.3636715701015,172.6380728550369,212.76622283818318,65.96973432957603,P3,围岩压陷极限,0.5435706869783591,-55.393937240525474,367.0135757671778,False,0.2,20.0,1411,675.1901538461539,-0.15786305924372238,0.1091218944944164,0.1693919271473069,-0.09904537363732269,-0.07672187378431779,-0.13305479456016184,-0.15228551550312816,0.049330980957593557,-0.1887066600101533
工况 B：煤层锚杆,106.72804464560032,177.6431264361571,158.16875746430318,58.05374943837972,P3,围岩压陷极限,0.5439409072952869,-48.6742952072206,367.26354487992126,False,0.2,20.0,3236,675.1901538461539,-0.133448163726063,0.005102611635036419,-0.015485630061474437,-0.1733901748594646,-0.1833504035026421,-0.13398288949337425,-0.1549118553503579,0.06136100644111153,-0.07745392704899166
工况 B：煤层锚杆,122.64573307492103,199.9521192878928,151.01064753554894,66.71418342635327,P3,围岩压陷极限,0.543958454597025,-55.93154964856775,367.2753926452814,False,0.2,20.0,2191,675.1901538461539,-0.024623808351742438,0.031437986662898515,-0.1136540846650047,-0.07895113286536355,0.11862830016757114,-0.185983979279218,-0.04067325140769204,0.1193989965151569,-0.19718741131099182
工况 B：煤层锚杆,114.43393542259534,232.78732829332327,175.4560314963527,62.46698665968299,P3,围岩压陷极限,0.5458781648031016,-51.96694876291235,368.5715620746623,False,0.2,20.0,2100,675.1901538461539,0.13554794289425992,-0.15210477447037324,0.1876508449181446,0.08116497606199735,0.08890202740182229,-0.19212832392378024,-0.18110934790957722,0.1687895527953212,-0.13957745053573564
工况 B：煤层锚杆,122.69387034222763,237.0750053360652,160.98016126499147,67.25843629557141,P3,围岩压陷极限,0.5481809002191288,-55.43543404665621,370.12634635447677,False,0.2,20.0,146,675.1901538461539,0.15646344066373252,-0.13999299704598467,0.0831344337223372,0.05608641270035186,0.10942424601263329,-0.19318720071626602,-0.13942222677270794,0.11863839795370906,-0.1975023838851802
工况 B：煤层锚杆,111.44738290668252,189.45491692832792,160.6506074435961,61.317535503515884,P3,围岩压陷极限,0.550192690974704,-50.129847403166636,371.48468766423974,False,0.2,20.0,1425,675.1901538461539,-0.07582967352035169,-0.04650116894525752,0.05928514972619314,-0.18727712371229208,0.15485282150888957,-0.10386863132950319,-0.17441925743809286,0.13436902748470197,-0.1165199586249361
工况 B：煤层锚杆,116.87231730866037,212.81394455642015,209.69406468824405,64.54194964876092,P3,围岩压陷极限,0.5522432611505881,-52.33036765989945,372.8692124567673,False,0.2,20.0,3598,675.1901538461539,0.03811680271424475,0.07336745729651045,0.18198123533668803,-0.07716193729646537,-0.13214865321759295,-0.09908344448219784,-0.1597873100277909,0.16012671268583245,-0.15752899635333623
工况 B：煤层锚杆,111.23206502488563,177.37119587047053,182.26160350382972,61.51001840040624,P3,围岩压陷极限,0.5529881908300882,-49.72204662447939,373.3721816416736,False,0.2,20.0,3793,675.1901538461539,-0.13477465429038774,-0.034897329980780795,0.1877302934455416,-0.1882192169971785,-0.18032242043363952,-0.16545321368480614,0.05903584351778529,0.14559201087396006,-0.11480975886305861
工况 B：煤层锚杆,112.40349676902804,212.70831778001394,188.43293618379752,62.29469247405162,P3,围岩压陷极限,0.5542060012782135,-50.108804294976416,374.1944352654987,False,0.2,20.0,154,675.1901538461539,0.03760155014640959,0.16735908834073815,0.017179871615986497,-0.19371218072216723,-0.09980627000048631,-0.15256770307904693,0.06875271755579548,0.19111676481756723,-0.12403491624587236
工况 B：煤层锚杆,115.31720726764603,181.47105144510525,204.28216359306683,64.15540072718474,P3,围岩压陷极限,0.5563384879611502,-51.161806540461285,375.63426927702557,False,0.2,20.0,4819,675.1901538461539,-0.11477535880436461,0.08832134803436964,0.12862051668492647,-0.05894611163715677,-0.1194543475861504,-0.17859955900888325,-0.05641465298564602,0.11439385193465745,-0.1461678547849873
工况 B：煤层锚杆,115.74569434379265,207.521257807862,147.57452399743627,64.61105520741803,P3,围岩压陷极限,0.5582156258487474,-51.134639136374616,376.9016942961428,False,0.2,20.0,1701,675.1901538461539,0.012298818574936726,-0.08992954285731716,-0.030149011136248294,-0.0432882725706743,-0.18932601183830902,-0.07753759876067497,-0.19662976383594769,0.1889462798450151,-0.14932871568350584
工况 B：煤层锚杆,121.69615301195829,205.03886554962781,158.62333524140712,68.09102806055148,P3,围岩压陷极限,0.5595166845895335,-53.60512495140681,377.7801563474971,False,0.2,20.0,4553,675.1901538461539,0.00018958804696489473,-0.046876619770254285,0.041685717070213624,-0.17473709727351952,-0.08375018368215642,-0.16250256484013736,-0.04596012947601502,-0.023684936666694828,-0.19092316375963592
工况 B：煤层锚杆,113.94227334484589,228.74834071696446,174.8116069330776,63.87845392946043,P3,围岩压陷极限,0.5606211992640564,-50.06381941538546,378.5259137805135,False,0.2,20.0,1948,675.1901538461539,0.11584556447299749,0.0881264583950856,-0.011519657952849677,-0.12590923123769254,0.0822367769365917,-0.14639269010974187,-0.1979793940574971,0.008296754662470235,-0.13586471841276182
工况 B：煤层锚杆,110.22388949286443,233.61410646184945,142.6153834949593,62.015355499853726,P3,围岩压陷极限,0.5626308034055396,-48.208533993010704,379.88277870997143,False,0.2,20.0,2151,675.1901538461539,0.139581007130973,-0.07316019941119262,-0.030741075671482015,-0.19263091713842406,-0.17906277483588748,-0.11430278188972864,-0.12251485383577054,0.05494073776953401,-0.1067132641158287
工况 B：煤层锚杆,95.89769937502433,229.45077355396137,163.92306949437474,54.10561578074199,P3,围岩压陷极限,0.5642013951674976,-41.79208359428234,380.94322680335733,False,0.2,20.0,831,675.1901538461539,0.11927206611688462,-0.14332083395968565,0.19565496740939115,-0.16995316889244594,0.146052182404047,-0.156418729507975,-0.17797468933762187,0.15506704104698804,0.02673514696622492
工况 B：煤层锚杆,115.56566989309074,223.77221582865795,185.93442203862313,65.42838924890317,P3,围岩压陷极限,0.56615766005104,-50.13728064418757,382.2640775910402,False,0.2,20.0,584,675.1901538461539,0.09157178453003878,-0.06918897231111482,0.1502445296238481,0.07104177360852837,-0.18381199217742147,-0.1401632685758649,-0.19455418325223695,0.14631168819306428,-0.14800356755925206
工况 B：煤层锚杆,99.49666111773465,215.0583937908792,207.97503710629536,56.56905770514227,P3,围岩压陷极限,0.5685523219538389,-42.927603412592376,383.8809297296005,False,0.2,20.0,3737,675.1901538461539,0.049065335565264295,0.1642493583213191,0.10413911974857387,-0.13899228998233695,-0.10820492303783552,-0.14285430093972656,-0.19470604535582253,0.07753612504902352,-0.010403591885071561
工况 B：煤层锚杆,106.45119449350699,200.90429606202883,113.0846055581132,60.62692427387989,P3,围岩压陷极限,0.5695278908080063,-45.8242702196271,384.5396242143333,False,0.2,20.0,4661,675.1901538461539,-0.019979043599859386,-0.19126440154072566,-0.12709322067398912,-0.16726020749823967,-0.15610142001332894,-0.1301541259878513,-0.061684643249995924,0.1538370165772608,-0.07505463954616164
工况 B：煤层锚杆,111.69282586503667,224.87282816084164,175.33953368328798,64.54231708033807,P3,围岩压陷极限,0.5778555299364292,-47.1505087846986,390.16236415862835,False,0.2,20.0,2780,675.1901538461539,0.0969406251748372,0.040247652507871295,-0.016767119503914907,0.03154717998736292,-0.07186650624008922,-0.13894761105984121,-0.18524119422318114,0.16570456746237971,-0.11846138998655259
工况 B：煤层锚杆,118.79841152118863,192.8793379608514,143.6443483497777,68.66177436329889,P3,围岩压陷极限,0.5779687917043616,-50.13663715788974,390.2388373891435,False,0.2,20.0,4599,675.1901538461539,-0.05912518067877373,0.0063042471131302125,-0.10630857455056147,-0.17544998745195095,-0.0425736122394455,-0.08428443686823278,-0.18891823175497113,-0.006332269339458213,-0.17118808912712546
工况 B：煤层锚杆,106.17895851656796,198.20153709722595,158.7011550762594,61.47988319360806,P3,围岩压陷极限,0.579021343329666,-44.6990753229599,390.94950988296387,False,0.2,20.0,976,675.1901538461539,-0.0331632336720685,-0.0038354825126108716,-0.0005128078263617053,-0.1812964130149719,-0.19931135505720282,-0.1384957699066774,-0.13732765154437648,-0.0006921653491897273,-0.07268313951134941
工况 B：煤层锚杆,104.3339356861887,179.71172359995995,147.74439580201923,60.51467450788743,P3,围岩压陷极限,0.5800095061102742,-43.81926117830127,391.6167076628278,False,0.2,20.0,3061,675.1901538461539,-0.12335744585385391,-0.10024826671960874,-0.027607944167768572,-0.013761127536035561,0.03287747074063946,-0.15358555745904767,-0.19882101122266405,0.16215719213970625,-0.0562846324738768
工况 B：煤层锚杆,88.5531772402548,178.5808133279773,135.2924800400616,51.44415698522169,P3,围岩压陷极限,0.5809408379063336,-37.10902025503311,392.24553372149086,False,0.2,20.0,2777,675.1901538461539,-0.12887408132694,-0.11203454787171384,-0.0775689751842879,-0.07906892221796369,-0.19095154143008797,-0.18641664644579814,-0.19169269072586728,0.12459011257867897,0.11189165120977135
工况 B：煤层锚杆,120.26863091851281,227.50750805738923,136.60285992042273,69.9868823460346,P3,围岩压陷极限,0.5819213356927105,-50.28174857247821,392.9075561727206,False,0.2,20.0,3716,675.1901538461539,0.1097927222311671,0.03743206464094834,-0.18888629037443733,-0.1292458248296,-0.09598455232211985,-0.10962256464967002,-0.1143990871757727,0.04833658652558431,-0.18131986944916334
工况 B：煤层锚杆,116.92562854674215,204.56597562757045,167.10309712914074,68.05198287426786,P3,围岩压陷极限,0.58201083646143,-48.87364567247428,392.9679862105217,False,0.2,20.0,4084,675.1901538461539,-0.002117192060631934,-0.024595133391016655,0.08022782933954009,-0.19545868746556683,0.0600415518534384,-0.14150104412037218,0.07612499256213223,0.17433205562875975,-0.15791311378602071
工况 B：煤层锚杆,111.03643039378895,180.49222009101047,148.9050168646307,64.64279949299272,P3,围岩压陷极限,0.5821764916589812,-46.393630900796225,393.0798349688416,False,0.2,20.0,3824,675.1901538461539,-0.11955014589750985,-0.017603873193159203,-0.054565413834931686,-0.16489710781062553,-0.0676901952068718,-0.11331110716581812,-0.023207916199871642,0.19917512847923136,-0.11325014580938744
工况 B：煤层锚杆,101.8671169269692,165.68344472418266,140.13373996917167,59.32371990330071,P3,围岩压陷极限,0.5823637862042489,-42.54339702366849,393.20629440167545,False,0.2,20.0,3274,675.1901538461539,-0.19178807451618224,-0.14516521288755657,-0.018014332579547043,-0.047886854112251326,0.0644367721784303,-0.17627639451136218,-0.14359700654682883,0.16955034718512596,-0.03343157800247032
工况 B：煤层锚杆,118.47535872372049,176.81517294185494,204.32397216382054,69.13225587632192,P3,围岩压陷极限,0.5835159025560362,-49.34310284739857,393.9841920184874,False,0.2,20.0,2,675.1901538461539,-0.13748696125924426,0.08700989138534898,0.12736375447790588,-0.05151188689440414,-0.15844551547803257,-0.16442563366899493,0.02791204695933755,0.16443262107546153,-0.1689281254581673
